{
  "open": 83722,
  "high": 83732.1,
  "low": 83684.5,
  "close": 83684.5,
  "vBuy": 5.417999999999997,
  "vSell": 11.038999999999994,
  "timestamp": 1744808460000
}