{
  "open": 97482.8,
  "high": 97510.8,
  "low": 97482.8,
  "close": 97510.8,
  "vBuy": 8.034999999999995,
  "vSell": 2.0789999999999984,
  "timestamp": 1746211560000
}