{
  "open": 83978.1,
  "high": 83995.3,
  "low": 83978.1,
  "close": 83991,
  "vBuy": 15.776999999999992,
  "vSell": 2.940999999999997,
  "timestamp": 1744864980000
}